dataset,title,year,venue_or_source,model_or_system,reported_results,setup_notes,source_url,pdf_url,normalized_pdf_url,download_status,local_pdf_path
truthfulqa,TruthfulQA: Measuring How Models Mimic Human Falsehoods,2022,ACL 2022 (Long Papers),"GPT-3 175B, GPT-J, GPT-2, T5","GPT-3: 20.44% (truthfulness), 97.55% (MC2); GPT-J 6B: 26.68%; T5-3B: 47.79%",817 questions across 38 categories,https://aclanthology.org/2022.acl-long.229/,https://aclanthology.org/2022.acl-long.229.pdf,https://aclanthology.org/2022.acl-long.229.pdf,downloaded,research/dataset_papers/pdfs/truthfulqa/2022_truthfulqa_measuring_how_models_mimic_human_falsehoods.pdf
truthfulqa,Quantized but Deceptive? A Multi-Dimensional Truthfulness Evaluation of Quantized LLMs,2025,EMNLP 2025 Main,Various quantized LLMs,Explicit MC1/MC2 results for quantized models,TruthfulQA with standard protocol,https://aclanthology.org/2025.emnlp-main.1548/,https://aclanthology.org/2025.emnlp-main.1548.pdf,https://aclanthology.org/2025.emnlp-main.1548.pdf,downloaded,research/dataset_papers/pdfs/truthfulqa/2025_quantized_but_deceptive_a_multi_dimensional_truthfulness_evaluation_of_quantized_llms.pdf
truthfulqa,Reducing Hallucinations in LLMs via Factuality-Aware Preference Learning,2026,arXiv,Qwen2.5-14B,"+17% MC1 (0.500→0.585), +49% MC2 (0.357→0.531)",F-DPO method evaluation,https://arxiv.org/abs/2601.03027,https://arxiv.org/pdf/2601.03027,https://arxiv.org/pdf/2601.03027,downloaded,research/dataset_papers/pdfs/truthfulqa/2026_reducing_hallucinations_in_llms_via_factuality_aware_preference_learning.pdf
truthfulqa,The Silicon Mirror: Dynamic Behavioral Gating for Anti-Sycophancy in LLM Agents,2026,arXiv,Claude Sonnet 4,"Sycophancy on 50 TruthfulQA scenarios: 12.0% vanilla, 4.0% guardrails",Adversarial evaluation subset,https://arxiv.org/abs/2604.00478,https://arxiv.org/pdf/2604.00478,https://arxiv.org/pdf/2604.00478,downloaded,research/dataset_papers/pdfs/truthfulqa/2026_the_silicon_mirror_dynamic_behavioral_gating_for_anti_sycophancy_in_llm_agents.pdf
truthfulqa,An Isotropic Approach to Efficient Uncertainty Quantification with Gradient Norms,2026,arXiv,Various models,Highest mean AUROC on TruthfulQA for combined uncertainty estimates,Benchmark-dependent divergence analysis,https://arxiv.org/abs/2603.29466,https://arxiv.org/pdf/2603.29466,https://arxiv.org/pdf/2603.29466,downloaded,research/dataset_papers/pdfs/truthfulqa/2026_an_isotropic_approach_to_efficient_uncertainty_quantification_with_gradient_norms.pdf
truthfulqa,Rethinking Atomic Decomposition for LLM Judges,2026,arXiv,Multiple model families,Paired tests on 200 TruthfulQA examples,Holistic vs. decompose-and-verify evaluation,https://arxiv.org/abs/2603.28005,https://arxiv.org/pdf/2603.28005,https://arxiv.org/pdf/2603.28005,downloaded,research/dataset_papers/pdfs/truthfulqa/2026_rethinking_atomic_decomposition_for_llm_judges.pdf
truthfulqa,The Alignment Tax: Response Homogenization in Aligned LLMs,2026,arXiv,RLHF-aligned models,40-79% single semantic cluster on TruthfulQA (n=790); AUROC: 0.603,Uncertainty estimation analysis,https://arxiv.org/abs/2603.24124,https://arxiv.org/pdf/2603.24124,https://arxiv.org/pdf/2603.24124,downloaded,research/dataset_papers/pdfs/truthfulqa/2026_the_alignment_tax_response_homogenization_in_aligned_llms.pdf
truthfulqa,DiscoUQ: Structured Disagreement Analysis for Uncertainty Quantification in LLM Agent Ensembles,2026,arXiv,Qwen3.5-27B (5-agent system),Average AUROC 0.802 on TruthfulQA,Multi-benchmark evaluation,https://arxiv.org/abs/2603.20975,https://arxiv.org/pdf/2603.20975,https://arxiv.org/pdf/2603.20975,downloaded,research/dataset_papers/pdfs/truthfulqa/2026_discouq_structured_disagreement_analysis_for_uncertainty_quantification_in_llm_agent_.pdf
truthfulqa,Thinking in Different Spaces: Domain-Specific Latent Geometry,2026,arXiv,Multiple models,14.0-50.0% behavioral correction on TruthfulQA (mean 25.2%),Cross-architecture translation,https://arxiv.org/abs/2603.20406,https://arxiv.org/pdf/2603.20406,https://arxiv.org/pdf/2603.20406,downloaded,research/dataset_papers/pdfs/truthfulqa/2026_thinking_in_different_spaces_domain_specific_latent_geometry.pdf
truthfulqa,Mitigating LLM Hallucinations through Domain-Grounded Tiered Retrieval,2026,arXiv,Various models,78.0% win rate in TruthfulQA subset,Atomic claim-level verification,https://arxiv.org/abs/2603.17872,https://arxiv.org/pdf/2603.17872,https://arxiv.org/pdf/2603.17872,downloaded,research/dataset_papers/pdfs/truthfulqa/2026_mitigating_llm_hallucinations_through_domain_grounded_tiered_retrieval.pdf
truthfulqa,Adaptive Activation Cancellation for Hallucination Mitigation,2026,arXiv,"OPT-125M, Phi-3, Llama 3-8B",Consistent improvement across all scales,Real-time hook intervention,https://arxiv.org/abs/2603.10195,https://arxiv.org/pdf/2603.10195,https://arxiv.org/pdf/2603.10195,downloaded,research/dataset_papers/pdfs/truthfulqa/2026_adaptive_activation_cancellation_for_hallucination_mitigation.pdf
truthfulqa,Thought Virus: Viral Misalignment via Subliminal Prompting,2026,arXiv,Multi-agent systems,Elevated response rate degradation on multiple-choice TruthfulQA,Subliminal prompting attack vector,https://arxiv.org/abs/2603.00131,https://arxiv.org/pdf/2603.00131,https://arxiv.org/pdf/2603.00131,downloaded,research/dataset_papers/pdfs/truthfulqa/2026_thought_virus_viral_misalignment_via_subliminal_prompting.pdf
truthfulqa,Black-Box Reliability Certification for AI Agents,2026,arXiv,"GPT-4.1, GPT-4.1-nano",GPT-4.1: 96.8% on TruthfulQA,Self-consistency sampling approach,https://arxiv.org/abs/2602.21368,https://arxiv.org/pdf/2602.21368,https://arxiv.org/pdf/2602.21368,downloaded,research/dataset_papers/pdfs/truthfulqa/2026_black_box_reliability_certification_for_ai_agents.pdf
truthfulqa,Think^2: Grounded Metacognitive Reasoning in LLMs,2026,arXiv,"Llama-3, Qwen-3 (8B)",Significant improvements on TruthfulQA via metacognitive structuring,MetaController dual-process system,https://arxiv.org/abs/2602.18806,https://arxiv.org/pdf/2602.18806,https://arxiv.org/pdf/2602.18806,downloaded,research/dataset_papers/pdfs/truthfulqa/2026_think_2_grounded_metacognitive_reasoning_in_llms.pdf
truthfulqa,SPQ: An Ensemble Technique for LLM Compression,2026,arXiv/LREC,Compressed models,Preserved accuracy on TruthfulQA with 75% memory reduction,Model compression evaluation,https://arxiv.org/abs/2602.18420,https://arxiv.org/pdf/2602.18420,https://arxiv.org/pdf/2602.18420,downloaded,research/dataset_papers/pdfs/truthfulqa/2026_spq_an_ensemble_technique_for_llm_compression.pdf
truthfulqa,ODESteer: A Unified ODE-Based Steering Framework,2026,arXiv/ICLR,Various aligned models,2.5% improved on TruthfulQA,Activation steering via ODEs,https://arxiv.org/abs/2602.17560,https://arxiv.org/pdf/2602.17560,https://arxiv.org/pdf/2602.17560,downloaded,research/dataset_papers/pdfs/truthfulqa/2026_odesteer_a_unified_ode_based_steering_framework.pdf
truthfulqa,ROAST: Rollout-based On-distribution Activation Steering,2026,arXiv,"Qwen3-0.6B, GLM4-32B",+12.1% on TruthfulQA for GLM4-32B,Consensus steering direction,https://arxiv.org/abs/2602.14143,https://arxiv.org/pdf/2602.14143,https://arxiv.org/pdf/2602.14143,downloaded,research/dataset_papers/pdfs/truthfulqa/2026_roast_rollout_based_on_distribution_activation_steering.pdf
truthfulqa,A Geometric Taxonomy of Hallucinations in LLMs,2026,arXiv,Various models,Logistic Regression AUROC 0.731 on TruthfulQA,Stylistic annotation confound analysis,https://arxiv.org/abs/2602.13224,https://arxiv.org/pdf/2602.13224,https://arxiv.org/pdf/2602.13224,downloaded,research/dataset_papers/pdfs/truthfulqa/2026_a_geometric_taxonomy_of_hallucinations_in_llms.pdf
truthfulqa,Spherical Steering: Geometry-Aware Activation Rotation,2026,arXiv,Multiple models,+10% on TruthfulQA vs. addition-based methods,Multiple-choice benchmarks,https://arxiv.org/abs/2602.08169,https://arxiv.org/pdf/2602.08169,https://arxiv.org/pdf/2602.08169,downloaded,research/dataset_papers/pdfs/truthfulqa/2026_spherical_steering_geometry_aware_activation_rotation.pdf
truthfulqa,When the Model Said 'No Comment'... (AlignX),2026,arXiv/EACL,Various models,+110.1% truthfulness-informativeness improvement,Expert routing system,https://arxiv.org/abs/2602.07381,https://arxiv.org/pdf/2602.07381,https://arxiv.org/pdf/2602.07381,downloaded,research/dataset_papers/pdfs/truthfulqa/2026_when_the_model_said_no_comment_alignx.pdf
truthfulqa,RASA: Routing-Aware Safety Alignment for MoE Models,2026,arXiv,Mixture-of-Experts models,Preserved performance on TruthfulQA,Robust expert repair approach,https://arxiv.org/abs/2602.04448,https://arxiv.org/pdf/2602.04448,https://arxiv.org/pdf/2602.04448,downloaded,research/dataset_papers/pdfs/truthfulqa/2026_rasa_routing_aware_safety_alignment_for_moe_models.pdf
truthfulqa,PeerRank: Autonomous LLM Evaluation,2026,arXiv,Various models,Peer scores correlate with TruthfulQA accuracy,Web-grounded peer review,https://arxiv.org/abs/2602.02589,https://arxiv.org/pdf/2602.02589,https://arxiv.org/pdf/2602.02589,downloaded,research/dataset_papers/pdfs/truthfulqa/2026_peerrank_autonomous_llm_evaluation.pdf
truthfulqa,CreditAudit: 2nd Dimension for LLM Evaluation,2026,arXiv,Various models,"Cross-model analysis on TruthfulQA, GPQA, MMLU Pro",Stability risk assessment,https://arxiv.org/abs/2602.02515,https://arxiv.org/pdf/2602.02515,https://arxiv.org/pdf/2602.02515,downloaded,research/dataset_papers/pdfs/truthfulqa/2026_creditaudit_2nd_dimension_for_llm_evaluation.pdf
truthfulqa,Trust in One Round: Confidence Estimation via Structural Signals,2026,arXiv/WWW,Various models,CrossACL 2026,TruthfulQA with AUROC/AUPR metrics,https://arxiv.org/abs/2602.00977,https://arxiv.org/pdf/2602.00977,https://arxiv.org/pdf/2602.00977,downloaded,research/dataset_papers/pdfs/truthfulqa/2026_trust_in_one_round_confidence_estimation_via_structural_signals.pdf
truthfulqa,Augmenting Question Answering with Hybrid RAG,2026,arXiv,5 LLMs,Consistent improvements on TruthfulQA,RAG + in-context learning approach,https://arxiv.org/abs/2601.12658,https://arxiv.org/pdf/2601.12658,https://arxiv.org/pdf/2601.12658,downloaded,research/dataset_papers/pdfs/truthfulqa/2026_augmenting_question_answering_with_hybrid_rag.pdf
truthfulqa,Learning to Trust the Crowd: Multi-Model Consensus Reasoning,2026,arXiv,3 open-weight LLMs,+4.6pp macro-accuracy over strongest single LLM,Graph-attention consensus,https://arxiv.org/abs/2601.07245,https://arxiv.org/pdf/2601.07245,https://arxiv.org/pdf/2601.07245,downloaded,research/dataset_papers/pdfs/truthfulqa/2026_learning_to_trust_the_crowd_multi_model_consensus_reasoning.pdf
truthfulqa,EdgeJury: Cross-Reviewed Small-Model Ensembles,2026,arXiv,8B baseline ensemble,"MC1: 76.2% (95% CI 72.8-79.6%), +21.4% relative improvement",Serverless edge inference,https://arxiv.org/abs/2601.00850,https://arxiv.org/pdf/2601.00850,https://arxiv.org/pdf/2601.00850,downloaded,research/dataset_papers/pdfs/truthfulqa/2026_edgejury_cross_reviewed_small_model_ensembles.pdf
truthfulqa,The Drill-Down and Fabricate Test (DDFT),2025,arXiv (Review),Various models,Comparison with static MMLU/TruthfulQA benchmarks,Epistemic robustness protocol,https://arxiv.org/abs/2512.23850,https://arxiv.org/pdf/2512.23850,https://arxiv.org/pdf/2512.23850,downloaded,research/dataset_papers/pdfs/truthfulqa/2025_the_drill_down_and_fabricate_test_ddft.pdf
truthfulqa,"Fragile Knowledge, Robust Instruction-Following",2025,arXiv,Llama-3.2,TruthfulQA-MC2: inverse correlation with MMLU (r=-0.864),Width pruning dichotomy,https://arxiv.org/abs/2512.22671,https://arxiv.org/pdf/2512.22671,https://arxiv.org/pdf/2512.22671,downloaded,research/dataset_papers/pdfs/truthfulqa/2025_fragile_knowledge_robust_instruction_following.pdf
truthfulqa,LLM-CAS: Dynamic Neuron Perturbation,2025,arXiv/AAAI,Various models,+2.06pp on TruthfulQA MC1 score,Real-time hallucination correction,https://arxiv.org/abs/2512.18623,https://arxiv.org/pdf/2512.18623,https://arxiv.org/pdf/2512.18623,downloaded,research/dataset_papers/pdfs/truthfulqa/2025_llm_cas_dynamic_neuron_perturbation.pdf
truthfulqa,Constructive Circuit Amplification,2025,arXiv,Multiple models,Minimal degradation on TruthfulQA from targeted edits,Sub-network updates for math,https://arxiv.org/abs/2512.16914,https://arxiv.org/pdf/2512.16914,https://arxiv.org/pdf/2512.16914,downloaded,research/dataset_papers/pdfs/truthfulqa/2025_constructive_circuit_amplification.pdf
truthfulqa,Semantic Grounding Index (SGI),2025,arXiv,Varies,AUC=0.478 on TruthfulQA (critical negative result),Angular geometry measures,https://arxiv.org/abs/2512.13771,https://arxiv.org/pdf/2512.13771,https://arxiv.org/pdf/2512.13771,downloaded,research/dataset_papers/pdfs/truthfulqa/2025_semantic_grounding_index_sgi.pdf
truthfulqa,FVA-RAG: Falsification-Verification Alignment,2025,arXiv,GPT-4o generation,Full TruthfulQA-Generation (N=817) under frozen protocol,Anti-context retrieval,https://arxiv.org/abs/2512.07015,https://arxiv.org/pdf/2512.07015,https://arxiv.org/pdf/2512.07015,downloaded,research/dataset_papers/pdfs/truthfulqa/2025_fva_rag_falsification_verification_alignment.pdf
truthfulqa,GSAE: Graph-Regularized Sparse Autoencoders,2025,arXiv,"LLaMA-3, Mistral, Qwen, Phi",65% task accuracy on TruthfulQA with 82% selective refusal,Safety steering robustness,https://arxiv.org/abs/2512.06655,https://arxiv.org/pdf/2512.06655,https://arxiv.org/pdf/2512.06655,downloaded,research/dataset_papers/pdfs/truthfulqa/2025_gsae_graph_regularized_sparse_autoencoders.pdf
truthfulqa,Chain of Summaries: Summarization Through Iterative Questioning,2025,arXiv,Various models,TruthfulQA improvements vs. baseline LLMs,Antithesis-synthesis approach,https://arxiv.org/abs/2511.15719,https://arxiv.org/pdf/2511.15719,https://arxiv.org/pdf/2511.15719,downloaded,research/dataset_papers/pdfs/truthfulqa/2025_chain_of_summaries_summarization_through_iterative_questioning.pdf
truthfulqa,SymLoc: Symbolic Localization of Hallucination,2025,arXiv,5 models tested,Attention variance analysis across TruthfulQA,Early-layer instability in layers 2-4,https://arxiv.org/abs/2511.14172,https://arxiv.org/pdf/2511.14172,https://arxiv.org/pdf/2511.14172,downloaded,research/dataset_papers/pdfs/truthfulqa/2025_symloc_symbolic_localization_of_hallucination.pdf
truthfulqa,EdgeRunner 20B: Military Task Parity with GPT-5,2025,arXiv,"EdgeRunner 20B, GPT-OSS-20B",No statistically-significant regression on TruthfulQA,Edge model evaluation,https://arxiv.org/abs/2510.26550,https://arxiv.org/pdf/2510.26550,https://arxiv.org/pdf/2510.26550,downloaded,research/dataset_papers/pdfs/truthfulqa/2025_edgerunner_20b_military_task_parity_with_gpt_5.pdf
truthfulqa,Dr.LLM: Dynamic Layer Routing,2025,arXiv,Multiple models,Generalization to TruthfulQA with 0.85% accuracy drop,Out-of-domain routing,https://arxiv.org/abs/2510.12773,https://arxiv.org/pdf/2510.12773,https://arxiv.org/pdf/2510.12773,downloaded,research/dataset_papers/pdfs/truthfulqa/2025_dr_llm_dynamic_layer_routing.pdf
truthfulqa,XQuant: Ultra-Low Bit KV Cache Quantization,2025,EMNLP 2025,Various,Maintained performance on TruthfulQA,Sub-1.4 bit quantization,https://arxiv.org/abs/2510.11236,https://arxiv.org/abs/2510.11236,https://arxiv.org/pdf/2510.11236,downloaded,research/dataset_papers/pdfs/truthfulqa/2025_xquant_ultra_low_bit_kv_cache_quantization.pdf
truthfulqa,Provably Convergent Primal-Dual DPO,2025,arXiv,Varies,SOTA on TruthfulQA dataset,Constrained LLM alignment,https://arxiv.org/abs/2510.05703,https://arxiv.org/abs/2510.05703,https://arxiv.org/pdf/2510.05703,downloaded,research/dataset_papers/pdfs/truthfulqa/2025_provably_convergent_primal_dual_dpo.pdf
truthfulqa,Test-Time Scaling in Diffusion LLMs,2025,arXiv,Diffusion models,TruthfulQA: 28.36%→57.46%,Hidden semi-autoregressive experts,https://arxiv.org/abs/2510.05040,https://arxiv.org/abs/2510.05040,https://arxiv.org/pdf/2510.05040,downloaded,research/dataset_papers/pdfs/truthfulqa/2025_test_time_scaling_in_diffusion_llms.pdf
truthfulqa,The Geometry of Truth: Layer-wise Semantic Dynamics,2025,arXiv,Multiple models,"F1=0.92, AUROC=0.96, clustering accuracy=0.89",Hallucination detection,https://arxiv.org/abs/2510.04933,https://arxiv.org/abs/2510.04933,https://arxiv.org/pdf/2510.04933,downloaded,research/dataset_papers/pdfs/truthfulqa/2025_the_geometry_of_truth_layer_wise_semantic_dynamics.pdf
truthfulqa,AMBS: Alignment Before Misalignment,2025,arXiv,DeepSeek-7B,+32.4% alignment on HHH benchmarks,Policy-reference mechanism,https://arxiv.org/abs/2509.22510,https://arxiv.org/abs/2509.22510,https://arxiv.org/pdf/2509.22510,downloaded,research/dataset_papers/pdfs/truthfulqa/2025_ambs_alignment_before_misalignment.pdf
truthfulqa,Psychometric Personality Shaping,2025,arXiv,Various,Conscientiousness changes affect TruthfulQA scores,Personality modulation axis,https://arxiv.org/abs/2509.16332,https://arxiv.org/abs/2509.16332,https://arxiv.org/pdf/2509.16332,downloaded,research/dataset_papers/pdfs/truthfulqa/2025_psychometric_personality_shaping.pdf
truthfulqa,Hallucination Detection with Internal Layers,2025,arXiv,Various,Novel dynamic weighting architecture,Master's thesis; 3-benchmark eval,https://arxiv.org/abs/2509.14254,https://arxiv.org/abs/2509.14254,https://arxiv.org/pdf/2509.14254,downloaded,research/dataset_papers/pdfs/truthfulqa/2025_hallucination_detection_with_internal_layers.pdf
truthfulqa,DSCC-HS: Dynamic Self-Reinforcing Hallucination Suppression,2025,arXiv,Varies,99.2% Factual Consistency Rate on TruthfulQA,Plug-and-play approach,https://arxiv.org/abs/2509.13702,https://arxiv.org/abs/2509.13702,https://arxiv.org/pdf/2509.13702,downloaded,research/dataset_papers/pdfs/truthfulqa/2025_dscc_hs_dynamic_self_reinforcing_hallucination_suppression.pdf
truthfulqa,LLM Hallucination Detection: FFT Method,2025,arXiv,Multiple,>10pp improvement over SOTA,Hidden layer temporal signals,https://arxiv.org/abs/2509.13154,https://arxiv.org/abs/2509.13154,https://arxiv.org/pdf/2509.13154,downloaded,research/dataset_papers/pdfs/truthfulqa/2025_llm_hallucination_detection_fft_method.pdf
truthfulqa,Investigating Symbolic Triggers of Hallucination in Gemma,2025,arXiv,Gemma models,Vulnerability pinpointing,Question/answer format variations,https://arxiv.org/abs/2509.09715,https://arxiv.org/abs/2509.09715,https://arxiv.org/pdf/2509.09715,downloaded,research/dataset_papers/pdfs/truthfulqa/2025_investigating_symbolic_triggers_of_hallucination_in_gemma.pdf
livebench,"**LiveBench: A Challenging, Contamination-Limited LLM Benchmark**",2025,ICLR 2025 (Spotlight),"Multiple models (0.5B–405B); GPT-4o, Claude, Llama, Qwen, etc.","Top models achieve <70% accuracy across 6 categories (reasoning, math, coding, language, data analysis, instruction following)","Official LLM benchmark; monthly-updated questions from arXiv, news, competitions, IMDb; 1,436 total questions across 18 tasks; automatic objective grading",https://github.com/LiveBench/LiveBench,https://arxiv.org/abs/2406.19314,https://arxiv.org/pdf/2406.19314,downloaded,research/dataset_papers/pdfs/livebench/2025_livebench_a_challenging_contamination_limited_llm_benchmark.pdf
livebench,**Certainty Robustness: Evaluating LLM stability under self-challenging prompts**,2026,arXiv,"GPT-4, Claude-3.5-Sonnet, Deepseek-R1, Qwen",Two-turn evaluation on 200 LiveBench reasoning/math questions; models vary in resistance to conversational pressure,Uses LiveBench (reasoning & math subsets) for certainty robustness evaluation; evaluates how models change answers when challenged,https://arxiv.org/abs/2603.03330,https://arxiv.org/pdf/2603.03330,https://arxiv.org/pdf/2603.03330,downloaded,research/dataset_papers/pdfs/livebench/2026_certainty_robustness_evaluating_llm_stability_under_self_challenging_prompts.pdf
livebench,**CodeAlignBench: Assessing Code Generation Models on Developer-Preferred Code Adjustments**,2025,arXiv (Oct 2025),Multiple code generation models,Models show varying performance across instruction-following dimensions; translated LiveBench coding tasks into Java/JavaScript,"Uses LiveBench programming tasks (code_completion, code_generation); multi-language evaluation; tests constraint adherence and refinement ability",https://arxiv.org/abs/2510.27565,https://arxiv.org/pdf/2510.27565,https://arxiv.org/pdf/2510.27565,downloaded,research/dataset_papers/pdfs/livebench/2025_codealignbench_assessing_code_generation_models_on_developer_preferred_code_adjustmen.pdf
livebench,**INFERENCEDYNAMICS: Efficient Routing Across LLMs through Structured Capability and Knowledge Profiling**,2025,arXiv (May 2025),Multi-model routing system (30+ models),"Demonstrated superior routing efficiency and accuracy on LiveBench vs. baseline approaches; strong performance on MMLU-Pro, GPQA, BigGenBench","LLM routing framework; tested on LiveBench alongside MMLU-Pro, GPQA, BigGenBench; evaluates capability modeling across diverse benchmarks",https://arxiv.org/abs/2505.16303,https://arxiv.org/pdf/2505.16303,https://arxiv.org/pdf/2505.16303,downloaded,research/dataset_papers/pdfs/livebench/2025_inferencedynamics_efficient_routing_across_llms_through_structured_capability_and_kno.pdf
livebench,**HybridFlow: Resource-Adaptive Subtask Routing for Efficient Edge-Cloud LLM Inference**,2026,arXiv (Dec 2025–Jan 2026),Various LLMs in edge-cloud architecture,Maintains competitive accuracy on LiveBench-Reasoning while reducing latency and API cost significantly vs. baselines,"Edge-cloud inference framework; evaluates on GPQA, MMLU-Pro, AIME24, and LiveBench-Reasoning; dependency-aware DAG routing with learned utility models",https://arxiv.org/abs/2512.22137,https://arxiv.org/pdf/2512.22137,https://arxiv.org/pdf/2512.22137,downloaded,research/dataset_papers/pdfs/livebench/2026_hybridflow_resource_adaptive_subtask_routing_for_efficient_edge_cloud_llm_inference.pdf
livebench,**dLLM-Serve: Taming the Memory Footprint Crisis in Diffusion LLM Serving**,2026,arXiv (Dec 2025–Jan 2026),"Diffusion LLMs (RTX 4090, L40S hardware)",1.61×–1.81× throughput improvement on consumer GPU; 1.60×–1.74× on server GPU; tail latency reduced by ~4×,"Production serving system for parallel-decoding LLMs; tested on LiveBench, Burst, and OSC workloads; addresses memory footprint during inference",https://arxiv.org/abs/2512.17077,https://arxiv.org/pdf/2512.17077,https://arxiv.org/pdf/2512.17077,downloaded,research/dataset_papers/pdfs/livebench/2026_dllm_serve_taming_the_memory_footprint_crisis_in_diffusion_llm_serving.pdf
livebench,**SABER: Switchable and Balanced Training for Efficient LLM Reasoning**,2026,AAAI 2026,7B base model (fine-tuned),"LiveBench-Reasoning: SABER-FastThink cuts reasoning length 65.4% with 3.6% accuracy gain vs. base; evaluated on MATH, GSM8K, MBPP; graceful degradation across inference modes","Reinforcement learning for token-budgeted reasoning; supports 4 discrete inference modes (NoThink, FastThink, CoreThink, DeepThink); length-aware rewards",https://ojs.aaai.org/index.php/AAAI/article/view/40799,https://arxiv.org/abs/2508.10026,https://arxiv.org/pdf/2508.10026,downloaded,research/dataset_papers/pdfs/livebench/2026_saber_switchable_and_balanced_training_for_efficient_llm_reasoning.pdf
livebench,**Thought Manipulation: External Thought Can Be Efficient for Large Reasoning Models**,2025,"arXiv (April–Aug 2025, v2)",QwQ-32B,30% token reduction on LiveBench/Code while maintaining performance; reduced output token counts with minimal CoT generator overhead,Optimization technique for large reasoning models; manipulates internal chain-of-thought generation; tests on LiveBench coding dataset,https://arxiv.org/abs/2504.13626,https://arxiv.org/pdf/2504.13626,https://arxiv.org/pdf/2504.13626,downloaded,research/dataset_papers/pdfs/livebench/2025_thought_manipulation_external_thought_can_be_efficient_for_large_reasoning_models.pdf
livebench,**TICKing All the Boxes: Generated Checklists Improve LLM Evaluation and Generation**,2024,arXiv (Oct 2024),"Multiple LLMs (GPT-4, Claude, etc.)",STICK self-refinement on LiveBench reasoning: +7.8% absolute gain; Best-of-N selection: +6.3% on WildBench,Automated evaluation protocol using LLM-generated instruction-specific checklists; improves generation quality via self-refinement; structured multi-faceted evaluation,https://arxiv.org/abs/2410.03608,https://arxiv.org/pdf/2410.03608,https://arxiv.org/pdf/2410.03608,downloaded,research/dataset_papers/pdfs/livebench/2024_ticking_all_the_boxes_generated_checklists_improve_llm_evaluation_and_generation.pdf
livebench,**LMMs-Eval: Reality Check on the Evaluation of Large Multimodal Models** (includes Multimodal LiveBench),2024–2025,"arXiv (July 2024, v2 May 2025); NAACL 2025 Findings","10+ multimodal models (GPT-4V, Claude-Vision, Gemini, etc.)",Comprehensive evaluation across 50+ tasks; Multimodal LiveBench uses continuously-updated news/forums for zero-contamination assessment,"Unified multimodal benchmark framework; introduces Multimodal LiveBench with continuously updating news & online forums; low-cost, zero-contamination approach",https://arxiv.org/abs/2407.12772,https://arxiv.org/pdf/2407.12772,https://arxiv.org/pdf/2407.12772,downloaded,research/dataset_papers/pdfs/livebench/2024_2025_lmms_eval_reality_check_on_the_evaluation_of_large_multimodal_models_includes_mu.pdf
livebench,**Generalising LLM Routing using Past Performance Retrieval: A Few-Shot Router is Sufficient** (ContextualRouter),2026,EACL 2026 (SRW),Multiple LLM routing systems,"Performance matches or exceeds complex routers in quality-cost trade-offs across SPROUT, RouterBench, LiveBench, BigGenBench, EmbedLLM",Few-shot routing framework; retrieval-based approach; k-NN averaging baseline; tested on 5 routing benchmarks including LiveBench,https://aclanthology.org/2026.eacl-srw.22/,https://aclanthology.org/2026.eacl-srw.22.pdf,https://aclanthology.org/2026.eacl-srw.22.pdf,downloaded,research/dataset_papers/pdfs/livebench/2026_generalising_llm_routing_using_past_performance_retrieval_a_few_shot_router_is_suffic.pdf
livebench,**LiveWorld: Simulating Out-of-Sight Dynamics in Generative Video World Models**,2026,arXiv (Feb–March 2026),Video world model (Zicheng Duan et al.),Proposed dedicated LiveBench for video task; enables out-of-sight scene dynamics persistence,Introduces LiveBench for video generation benchmarking; distinct from text/MM LiveBench; evaluates temporal coherence and entity state tracking,https://arxiv.org/abs/2603.07145,https://arxiv.org/pdf/2603.07145,https://arxiv.org/pdf/2603.07145,downloaded,research/dataset_papers/pdfs/livebench/2026_liveworld_simulating_out_of_sight_dynamics_in_generative_video_world_models.pdf
ai2_arc,"Think you have Solved Question Answering? Try ARC, the AI2 Reasoning Challenge",2018,arXiv,"Multiple Baselines (Decomposable Attention, DGEM)",Not significantly above random,"Original benchmark paper introducing ARC; 7,787 natural grade school science questions; largest public-domain QA dataset",https://arxiv.org/abs/1803.05457,https://arxiv.org/pdf/1803.05457,https://arxiv.org/pdf/1803.05457,downloaded,research/dataset_papers/pdfs/ai2_arc/2018_think_you_have_solved_question_answering_try_arc_the_ai2_reasoning_challenge.pdf
ai2_arc,KG^2: Learning to Reason Science Exam Questions with Contextual Knowledge Graph Embeddings,2018,arXiv,Knowledge Graph Embeddings,Outperforms SOTA on ARC Challenge,Uses contextual knowledge graphs for reasoning on science questions,https://arxiv.org/abs/1805.12393,https://arxiv.org/pdf/1805.12393,https://arxiv.org/pdf/1805.12393,downloaded,research/dataset_papers/pdfs/ai2_arc/2018_kg_2_learning_to_reason_science_exam_questions_with_contextual_knowledge_graph_embedd.pdf
ai2_arc,"A Systematic Classification of Knowledge, Reasoning, and Context within the ARC Dataset",2018,NLP @ ACL 2018 Workshop,Annotation Analysis,N/A,Annotates ARC with knowledge and reasoning type labels; establishes taxonomy,https://aclanthology.org/W18-2607/,https://aclanthology.org/W18-2607.pdf,https://aclanthology.org/W18-2607.pdf,downloaded,research/dataset_papers/pdfs/ai2_arc/2018_a_systematic_classification_of_knowledge_reasoning_and_context_within_the_arc_dataset.pdf
ai2_arc,Quick and (not so) Dirty: Unsupervised Selection of Justification Sentences for Multi-hop Question Answering,2019,EMNLP-IJCNLP 2019,Justification Ranking Method,Improves multihop QA performance,Unsupervised selection of relevant sentences for ARC,https://aclanthology.org/D19-1260.pdf,https://arxiv.org/abs/1911.07176,https://arxiv.org/pdf/1911.07176,downloaded,research/dataset_papers/pdfs/ai2_arc/2019_quick_and_not_so_dirty_unsupervised_selection_of_justification_sentences_for_multi_ho.pdf
ai2_arc,FreeLB: Enhanced Adversarial Training for Natural Language Understanding,2019,arXiv,BERT-base / RoBERTa-large with FreeLB,ARC-Easy: 85.44% / ARC-Challenge: 67.75%,Adversarial training at embedding level; state-of-the-art single-model results at publication,https://arxiv.org/abs/1909.11764,https://arxiv.org/pdf/1909.11764,https://arxiv.org/pdf/1909.11764,downloaded,research/dataset_papers/pdfs/ai2_arc/2019_freelb_enhanced_adversarial_training_for_natural_language_understanding.pdf
ai2_arc,Finetuned Language Models Are Zero-Shot Learners (FLAN),2021,arXiv,FLAN (137B instruction-tuned LM),Outperforms GPT-3 zero-shot on AI2-ARC,Instruction tuning on 60 NLP tasks; strong generalization to unseen tasks,https://arxiv.org/abs/2109.01652,https://arxiv.org/pdf/2109.01652,https://arxiv.org/pdf/2109.01652,downloaded,research/dataset_papers/pdfs/ai2_arc/2021_finetuned_language_models_are_zero_shot_learners_flan.pdf
ai2_arc,Think you have Solved Direct-Answer Question Answering? Try ARC-DA,2021,arXiv,UnifiedQA + ARC-DA/MC model,ARC-Challenge: 81.4% / ARC-Easy: 92.7% (on MC converted from DA format),Direct-answer version of ARC; 2985 questions with multiple valid answers; evaluation metrics for open-response format,https://arxiv.org/abs/2102.03315,https://arxiv.org/pdf/2102.03315,https://arxiv.org/pdf/2102.03315,downloaded,research/dataset_papers/pdfs/ai2_arc/2021_think_you_have_solved_direct_answer_question_answering_try_arc_da.pdf
ai2_arc,UNIFIEDQA: Crossing Format Boundaries with a Single QA System,2020,EMNLP 2020 Findings,UnifiedQA (T5-based),Strong performance across 19 QA datasets,Unified system trained on 4 QA formats; generalizes well across dataset formats,https://aclanthology.org/2020.findings-emnlp.171/,https://aclanthology.org/2020.findings-emnlp.171.pdf,https://aclanthology.org/2020.findings-emnlp.171.pdf,downloaded,research/dataset_papers/pdfs/ai2_arc/2020_unifiedqa_crossing_format_boundaries_with_a_single_qa_system.pdf
ai2_arc,UnifiedQA-v2: Stronger Generalization via Broader Cross-Format Training,2022,arXiv,UnifiedQA-v2 (T5-based with 3x datasets),Better in-domain and cross-domain results,Extended training on ~3x more QA datasets than UnifiedQA,https://arxiv.org/abs/2202.12359,https://arxiv.org/pdf/2202.12359,https://arxiv.org/pdf/2202.12359,downloaded,research/dataset_papers/pdfs/ai2_arc/2022_unifiedqa_v2_stronger_generalization_via_broader_cross_format_training.pdf
ai2_arc,General-Purpose Question-Answering with Macaw,2021,arXiv,Macaw (T5-based multi-angle model),Evaluates on subset of ARC questions,Multi-angle approach for diverse QA formats; samples equally from 7 QA datasets,https://arxiv.org/abs/2109.02593,https://arxiv.org/pdf/2109.02593,https://arxiv.org/pdf/2109.02593,downloaded,research/dataset_papers/pdfs/ai2_arc/2021_general_purpose_question_answering_with_macaw.pdf
ai2_arc,The ConceptARC Benchmark: Evaluating Understanding and Generalization in the ARC Domain,2023,TMLR / arXiv,"Human baseline vs GPT-4, ARC-Kaggle winners",Humans substantially outperform all machine solvers,Systematic evaluation of concept learning; tests abstraction and generalization abilities,https://arxiv.org/abs/2305.07141,https://arxiv.org/pdf/2305.07141,https://arxiv.org/pdf/2305.07141,downloaded,research/dataset_papers/pdfs/ai2_arc/2023_the_conceptarc_benchmark_evaluating_understanding_and_generalization_in_the_arc_domai.pdf
ai2_arc,"LLMs and the Abstraction and Reasoning Corpus: Successes, Failures, and the Importance of Object-Based Representations",2023,arXiv,Various LLMs including GPT-4,Mixed results on ARC; LLMs struggle with visual reasoning,Analysis of LLM performance on ARC tasks; discusses object representation importance,https://arxiv.org/abs/2305.18354,https://arxiv.org/pdf/2305.18354,https://arxiv.org/pdf/2305.18354,downloaded,research/dataset_papers/pdfs/ai2_arc/2023_llms_and_the_abstraction_and_reasoning_corpus_successes_failures_and_the_importance_o.pdf
ai2_arc,H-ARC: A Robust Estimate of Human Performance on the Abstraction and Reasoning Corpus Benchmark,2024,arXiv,Human subjects,ARC human performance estimates with ranges,Establishes human baseline metrics; discusses methodological issues in human evaluation,https://arxiv.org/abs/2409.01374,https://arxiv.org/pdf/2409.01374,https://arxiv.org/pdf/2409.01374,downloaded,research/dataset_papers/pdfs/ai2_arc/2024_h_arc_a_robust_estimate_of_human_performance_on_the_abstraction_and_reasoning_corpus_.pdf
ai2_arc,Sci-CoT: Leveraging Large Language Models for Enhanced Knowledge Distillation in Small Models for Scientific QA,2023,IEEE Conf,FLAN-T5-small student model,Outperforms BLOOM-176B on ARC-Easy,Knowledge distillation from LLMs to small models; reports strong results on ARC datasets,https://ieeexplore.ieee.org/abstract/document/10507622/,https://arxiv.org/pdf/2308.04679,https://arxiv.org/pdf/2308.04679,downloaded,research/dataset_papers/pdfs/ai2_arc/2023_sci_cot_leveraging_large_language_models_for_enhanced_knowledge_distillation_in_small.pdf
ai2_arc,ARC Prize 2024: Technical Report,2024,arXiv,Multiple competition entries,55.5% on ARC-AGI private eval (improved from 33%),"Competition results; discusses frontier AGI reasoning techniques, program synthesis, test-time training",https://arxiv.org/abs/2412.04604,https://arxiv.org/pdf/2412.04604,https://arxiv.org/pdf/2412.04604,downloaded,research/dataset_papers/pdfs/ai2_arc/2024_arc_prize_2024_technical_report.pdf
ai2_arc,ARC 'Challenge' Is Not That Challenging,2025,ACL Findings 2025,Analysis of modern LLMs,Challenge accuracy 64% → 93% with fairer eval methods,Critical analysis showing evaluation setup affects perceived difficulty; suggests LLM dataset artifacts,https://aclanthology.org/2025.findings-acl.144/,https://aclanthology.org/2025.findings-acl.144.pdf,https://aclanthology.org/2025.findings-acl.144.pdf,downloaded,research/dataset_papers/pdfs/ai2_arc/2025_arc_challenge_is_not_that_challenging.pdf
ai2_arc,MADIL: An MDL-based Framework for Efficient Program Synthesis in the ARC Benchmark,2025,arXiv,Program synthesis framework,Shows LLMs recently improved ARC performance,Minimum Description Length approach for ARC program synthesis,https://arxiv.org/abs/2505.01081,https://arxiv.org/pdf/2505.01081,https://arxiv.org/pdf/2505.01081,downloaded,research/dataset_papers/pdfs/ai2_arc/2025_madil_an_mdl_based_framework_for_efficient_program_synthesis_in_the_arc_benchmark.pdf
ai2_arc,ARC-AGI-2 Technical Report,2026,arXiv,Various methods including T5-based,Reports latest ARC-AGI-2 results,New ARC-AGI-2 benchmark introduced; discusses evolution of evaluation,https://arxiv.org/abs/2603.06590,https://arxiv.org/pdf/2603.06590,https://arxiv.org/pdf/2603.06590,downloaded,research/dataset_papers/pdfs/ai2_arc/2026_arc_agi_2_technical_report.pdf
ai2_arc,ARC-AGI without pretraining,2025,arXiv,Symbolic/non-pretrained approaches,Alternative to LLM-based methods,Explores solving ARC without large language models,https://arxiv.org/abs/2512.06104,https://arxiv.org/pdf/2512.06104,https://arxiv.org/pdf/2512.06104,downloaded,research/dataset_papers/pdfs/ai2_arc/2025_arc_agi_without_pretraining.pdf
ai2_arc,"LLMs and Abstract Reasoning: Successes, Failures, and Object-Based Representation",2023,arXiv,"GPT-3, GPT-4, text conversion methods",20% accuracy with GPT-3 on converted text,Converting visual ARC to text for LLMs; analysis of representation issues,https://arxiv.org/abs/2305.18354,https://arxiv.org/pdf/2305.18354,https://arxiv.org/pdf/2305.18354,downloaded,research/dataset_papers/pdfs/ai2_arc/2023_llms_and_abstract_reasoning_successes_failures_and_object_based_representation.pdf
ai2_arc,Do Large Language Models Solve ARC Visual Analogies Like People Do?,2024,arXiv,"GPT-3, human comparisons",Comparative analysis of errors,Analysis of how LLMs approach visual reasoning on ARC vs human strategies,https://arxiv.org/abs/2403.09734,https://arxiv.org/pdf/2403.09734,https://arxiv.org/pdf/2403.09734,downloaded,research/dataset_papers/pdfs/ai2_arc/2024_do_large_language_models_solve_arc_visual_analogies_like_people_do.pdf
ai2_arc,Understanding LLMs' Fluid Intelligence Deficiency: An Analysis of the ARC Task,2025,NAACL 2025,"Fine-tuned LLMs, visual-based LLMs",High accuracy on text-based tasks; challenges for visual LLMs,Detailed analysis of LLM performance on ARC; fluid intelligence vs learned knowledge,https://aclanthology.org/2025.naacl-long.423/,https://aclanthology.org/2025.naacl-long.423.pdf,https://aclanthology.org/2025.naacl-long.423.pdf,downloaded,research/dataset_papers/pdfs/ai2_arc/2025_understanding_llms_fluid_intelligence_deficiency_an_analysis_of_the_arc_task.pdf
ai2_arc,Challenge Closed-Book Science Exam: A Meta-Learning Based Question Answering System,2020,PRICAI Workshop,MetaQA framework (System 1 + System 2),Benchmarks on ARC,Meta-learning approach without external knowledge bases,https://arxiv.org/abs/2004.12303,https://arxiv.org/pdf/2004.12303,https://arxiv.org/pdf/2004.12303,downloaded,research/dataset_papers/pdfs/ai2_arc/2020_challenge_closed_book_science_exam_a_meta_learning_based_question_answering_system.pdf
ai2_arc,The Surprising Effectiveness of Test-Time Training for Few-Shot Learning,2024,arXiv,Test-time training methods,Improvements on ARC dataset,Explores task-specific knowledge leverage for few-shot scenarios including ARC,https://arxiv.org/abs/2411.07279,https://arxiv.org/pdf/2411.07279,https://arxiv.org/pdf/2411.07279,downloaded,research/dataset_papers/pdfs/ai2_arc/2024_the_surprising_effectiveness_of_test_time_training_for_few_shot_learning.pdf
ai2_arc,In Benchmarks We Trust... Or Not?,2025,EMNLP 2025,"Benchmark analysis including ARC, SuperGLUE, WinoGrande",Analyzes benchmark validity and issues,Critical examination of widely-used benchmarks including ARC; discusses evaluation concerns,https://aclanthology.org/2025.emnlp-main.1208/,https://aclanthology.org/2025.emnlp-main.1208.pdf,https://aclanthology.org/2025.emnlp-main.1208.pdf,downloaded,research/dataset_papers/pdfs/ai2_arc/2025_in_benchmarks_we_trust_or_not.pdf
ai2_arc,Shortcutted Commonsense: Data Spuriousness in Deep Learning of Commonsense Reasoning,2021,EMNLP 2021,Analysis of commonsense datasets including ARC,Studies dataset artifacts,Examines spurious patterns and shortcuts in commonsense reasoning benchmarks,https://aclanthology.org/2021.emnlp-main.113/,https://aclanthology.org/2021.emnlp-main.113.pdf,https://aclanthology.org/2021.emnlp-main.113.pdf,downloaded,research/dataset_papers/pdfs/ai2_arc/2021_shortcutted_commonsense_data_spuriousness_in_deep_learning_of_commonsense_reasoning.pdf
ai2_arc,Benchmarking Machine Reading Comprehension: A Psychological Perspective,2021,EACL 2021,Benchmark analysis framework,Psychological analysis of MRC,Evaluates MRC benchmarks including ARC from cognitive science perspective,https://aclanthology.org/2021.eacl-main.137/,https://aclanthology.org/2021.eacl-main.137.pdf,https://aclanthology.org/2021.eacl-main.137.pdf,downloaded,research/dataset_papers/pdfs/ai2_arc/2021_benchmarking_machine_reading_comprehension_a_psychological_perspective.pdf
ai2_arc,Optimizing Large Language Models: A Deep Dive into Effective Prompt Engineering Techniques,2025,Applied Sciences (MDPI),Various LLMs with prompt engineering,Results on ARC dataset with multiple prompt strategies,Comprehensive analysis of prompt engineering techniques on ARC and other datasets,https://www.mdpi.com/2076-3417/15/3/1430,https://www.mdpi.com/2076-3417/15/3/1430,https://www.mdpi.com/2076-3417/15/3/1430,downloaded,research/dataset_papers/pdfs/ai2_arc/2025_optimizing_large_language_models_a_deep_dive_into_effective_prompt_engineering_techni.pdf
ai2_arc,A Survey of Prompt Engineering Methods in Large Language Models for Different NLP Tasks,2024,arXiv,Survey of prompt engineering,References ARC performance improvements,Systematic survey of prompting techniques; shows prompt engineering impact on LLM performance,https://arxiv.org/abs/2407.12994,https://arxiv.org/pdf/2407.12994,https://arxiv.org/pdf/2407.12994,downloaded,research/dataset_papers/pdfs/ai2_arc/2024_a_survey_of_prompt_engineering_methods_in_large_language_models_for_different_nlp_tas.pdf
room_assignment_related,Pencil Puzzle Bench: A Benchmark for Multi-Step Verifiable Reasoning,2026,arXiv:2603.02119,"GPT-5.2, Claude Opus 4.6, Claude Sonnet, Llama models, OpenAI, Anthropic",GPT-5.2: 81x improvement with reasoning effort; Claude Opus 4.6: 0.3% to 30.0% with iterative verification; GPT-5.2 max effort: 20.2% to 56.0%,"300 puzzles across 20 varieties from 62,231 total; direct ask (single-shot) vs agentic (multi-turn with verification); per-move reward signals; densely verifiable intermediate states",https://arxiv.org/abs/2603.02119,https://arxiv.org/pdf/2603.02119,https://arxiv.org/pdf/2603.02119,downloaded,research/dataset_papers/pdfs/room_assignment_related/2026_pencil_puzzle_bench_a_benchmark_for_multi_step_verifiable_reasoning.pdf
room_assignment_related,MultiZebraLogic: A Multilingual Logical Reasoning Benchmark,2025,"arXiv:2511.03553, LREC 2026 submission","GPT-4o mini, o3-mini",o3-mini 4x5 puzzles: baseline accuracy reported; 5 red herrings decrease accuracy by 15±7%; language/theme independence demonstrated,"128+1024 puzzles per size; 2x3 and 4x5 grid sizes; 14 clue types, 8 red herring types; 9 Germanic languages; controllable difficulty",https://arxiv.org/abs/2511.03553,https://arxiv.org/pdf/2511.03553,https://arxiv.org/pdf/2511.03553,downloaded,research/dataset_papers/pdfs/room_assignment_related/2025_multizebralogic_a_multilingual_logical_reasoning_benchmark.pdf
room_assignment_related,RiddleBench: A New Generative Reasoning Benchmark for LLMs,2025,arXiv:2510.24932,"Gemini 2.5 Pro, o3, Claude 4 Sonnet, state-of-the-art models","Gemini 2.5 Pro: 60.30%, o3: 63.37%, Claude 4 Sonnet: 63.16%; all struggle with constraint satisfaction and spatial reasoning","1,737 challenging puzzles in English; integrates logical deduction, spatial awareness, constraint satisfaction; reveals hallucination cascades and poor self-correction",https://arxiv.org/abs/2510.24932,https://arxiv.org/pdf/2510.24932,https://arxiv.org/pdf/2510.24932,downloaded,research/dataset_papers/pdfs/room_assignment_related/2025_riddlebench_a_new_generative_reasoning_benchmark_for_llms.pdf
room_assignment_related,Enigmata: Scaling Logical Reasoning in Large Language Models with Synthetic Verifiable Puzzles,2025,arXiv:2505.19914,"Qwen2.5-32B-Enigmata, o3-mini-high, o1, Seed1.5-Thinking","Qwen2.5-32B-Enigmata surpasses o3-mini-high and o1; ARC-AGI: 32.8%, ARC-AGI 2: 0.6%; AIME 2024-2025 improvements; GPQA Diamond gains",36 tasks across 7 categories; unlimited generator with controllable difficulty; rule-based verifier; multi-task RLVR training compatible,https://arxiv.org/abs/2505.19914,https://arxiv.org/pdf/2505.19914,https://arxiv.org/pdf/2505.19914,downloaded,research/dataset_papers/pdfs/room_assignment_related/2025_enigmata_scaling_logical_reasoning_in_large_language_models_with_synthetic_verifiable.pdf
room_assignment_related,SATBench: Benchmarking LLMs' Logical Reasoning via Automated Puzzle Generation from SAT Formulas,2025,arXiv:2505.14615,"o4-mini, GPT-4, Claude, Llama models","o4-mini: 65% on hard UNSAT, near 50% random baseline; systematic failures in satisfiability bias, context inconsistency",2100 puzzles with automated generation and validation; LLM-based + solver-based consistency checks; human validation subset; adjustable difficulty,https://arxiv.org/abs/2505.14615,https://arxiv.org/pdf/2505.14615,https://arxiv.org/pdf/2505.14615,downloaded,research/dataset_papers/pdfs/room_assignment_related/2025_satbench_benchmarking_llms_logical_reasoning_via_automated_puzzle_generation_from_sat.pdf
room_assignment_related,Sudoku-Bench: Evaluating creative reasoning with Sudoku variants,2025,arXiv:2505.16135,"State-of-the-art LLMs (GPT, Claude, Gemini, Llama)",Less than 15% of SOTA LLMs solve puzzles unaided; baseline evaluation on diverse variants,Curated challenging unconventional Sudoku variants; standardized text-based representation; flexible tools for thousands of public puzzles; tests novel logical breakthroughs,https://arxiv.org/abs/2505.16135,https://arxiv.org/pdf/2505.16135,https://arxiv.org/pdf/2505.16135,downloaded,research/dataset_papers/pdfs/room_assignment_related/2025_sudoku_bench_evaluating_creative_reasoning_with_sudoku_variants.pdf
room_assignment_related,LogicPuzzleRL: Cultivating Robust Mathematical Reasoning in LLMs via Reinforcement Learning,2025,arXiv:2506.04821,LLMs trained via RL with verifiable rewards,RL training improves out-of-distribution performance on math benchmarks; significant gains on mid-difficulty multi-step problems,"7 custom logic puzzles: constraint propagation, spatial consistency, symbolic deduction; binary feedback based on correctness; improves algebraic manipulation, geometric inference, combinatorial logic",https://arxiv.org/abs/2506.04821,https://arxiv.org/pdf/2506.04821,https://arxiv.org/pdf/2506.04821,downloaded,research/dataset_papers/pdfs/room_assignment_related/2025_logicpuzzlerl_cultivating_robust_mathematical_reasoning_in_llms_via_reinforcement_lea.pdf
room_assignment_related,Logic.py: Bridging the Gap between LLMs and Constraint Solvers,2025,arXiv:2502.15776,"Llama 3.1 70B, constraint solvers",65% absolute improvement: baseline to 90%+ accuracy on ZebraLogicBench via LLM formalization + constraint solver,Domain-specific language (logic.py) for constraint specification; combines LLM strengths with symbolic solver capabilities; state-of-the-art on logic puzzles,https://arxiv.org/abs/2502.15776,https://arxiv.org/pdf/2502.15776,https://arxiv.org/pdf/2502.15776,downloaded,research/dataset_papers/pdfs/room_assignment_related/2025_logic_py_bridging_the_gap_between_llms_and_constraint_solvers.pdf
room_assignment_related,Evaluating Implicit Biases in LLM Reasoning through Logic Grid Puzzles,2025,arXiv:2511.06160,Multiple model families (various LLMs),Consistent accuracy improvements when solutions align with stereotypes; systematic bias in deductive reasoning demonstrated,"PRIME framework: stereotypical, anti-stereotypical, neutral puzzle variants; automatic generation and verification; variable complexity and biased settings",https://arxiv.org/abs/2511.06160,https://arxiv.org/pdf/2511.06160,https://arxiv.org/pdf/2511.06160,downloaded,research/dataset_papers/pdfs/room_assignment_related/2025_evaluating_implicit_biases_in_llm_reasoning_through_logic_grid_puzzles.pdf
room_assignment_related,HardcoreLogic: Challenging Large Reasoning Models with Long-tail Logic Puzzle Games,2025,arXiv:2510.12563,"Large Reasoning Models (LRMs) including o1, GPT-5 variants",Top benchmark performers show significant performance drops on non-canonical variants; heavy reliance on memorized stereotypes exposed,"5000+ puzzles across 10 games; 3 transformation dimensions (Increased Complexity, Uncommon Elements, Unsolvable Puzzles); tests robustness and rule adaptation",https://arxiv.org/abs/2510.12563,https://arxiv.org/pdf/2510.12563,https://arxiv.org/pdf/2510.12563,downloaded,research/dataset_papers/pdfs/room_assignment_related/2025_hardcorelogic_challenging_large_reasoning_models_with_long_tail_logic_puzzle_games.pdf
room_assignment_related,"Liar, Liar, Logical Mire: A Benchmark for Suppositional Reasoning in Large Language Models",2024,"arXiv:2406.12546, EMNLP 2024","Llama 3, Mixtral-8x7B, other state-of-the-art LLMs",Models struggle with truth/lie inference; lower-performing models exhibit diverse reasoning errors; proficient models struggle with false statement implications,"TruthQuest benchmark based on Knights & Knaves; varying complexity (character count, statement types); tests hypothetical scenario reasoning",https://arxiv.org/abs/2406.12546,https://arxiv.org/pdf/2406.12546,https://arxiv.org/pdf/2406.12546,downloaded,research/dataset_papers/pdfs/room_assignment_related/2024_liar_liar_logical_mire_a_benchmark_for_suppositional_reasoning_in_large_language_mode.pdf
room_assignment_related,LogicVista: Multimodal LLM Logical Reasoning Benchmark in Visual Contexts,2024,arXiv:2407.04973,"8 mainstream MLLMs (GPT-4V, Claude, Gemini Vision, Llava, etc.)",Comprehensive evaluation across 448 multiple-choice questions; identifies proficiency gaps in visual logical reasoning,5 logical reasoning tasks with 9 different capabilities; visual context required; annotations with correct answers and human-written reasoning; open-ended + multiple-choice evaluation,https://arxiv.org/abs/2407.04973,https://arxiv.org/pdf/2407.04973,https://arxiv.org/pdf/2407.04973,downloaded,research/dataset_papers/pdfs/room_assignment_related/2024_logicvista_multimodal_llm_logical_reasoning_benchmark_in_visual_contexts.pdf
room_assignment_related,Frontier LLMs Still Struggle with Simple Reasoning Tasks,2025,arXiv:2507.07313,"Frontier LLMs including thinking models (GPT-o4, Gemini, Claude, OpenAI o-series)",Even state-of-the-art thinking models consistently fail on trivial variants; systematic failures in memorization vs. logic separation,"Procedurally generated simple reasoning tasks (counting, first-order logic, proof trees, travel planning); unpuzzles dataset with trivialized known puzzles; variable parameters for computational complexity",https://arxiv.org/abs/2507.07313,https://arxiv.org/pdf/2507.07313,https://arxiv.org/pdf/2507.07313,downloaded,research/dataset_papers/pdfs/room_assignment_related/2025_frontier_llms_still_struggle_with_simple_reasoning_tasks.pdf
room_assignment_related,Oedipus and the Sphinx: Benchmarking and Improving Visual Language Models for Complex Graphic Reasoning,2025,arXiv:2508.00323,"11 mainstream VLMs (GPT-4V, Claude Vision, Gemini, LLaVA, etc.)",VLMs show deficiencies in complex graphic reasoning; 33.5% performance improvement with DiaCoT + ReasonTune,"ReasonBench: 1,613 questions from real-world intelligence tests; location, attribute, quantity, multi-element tasks; spatial, relational, abstract reasoning evaluation",https://arxiv.org/abs/2508.00323,https://arxiv.org/pdf/2508.00323,https://arxiv.org/pdf/2508.00323,downloaded,research/dataset_papers/pdfs/room_assignment_related/2025_oedipus_and_the_sphinx_benchmarking_and_improving_visual_language_models_for_complex_.pdf
